<annotation>
  <filename>001226.png</filename>
  <folder></folder>
  <source>
    <sourceImage></sourceImage>
    <sourceAnnotation>Datumaro</sourceAnnotation>
  </source>
  <imagesize>
    <nrows>256</nrows>
    <ncols>256</ncols>
  </imagesize>
  <object>
    <name>Land</name>
    <deleted>0</deleted>
    <verified>0</verified>
    <occluded>no</occluded>
    <date></date>
    <id>0</id>
    <parts>
      <hasparts></hasparts>
      <ispartof></ispartof>
    </parts>
    <segm>
      <mask>001226_mask_0.png</mask>
      <box>
        <xmin>0.00</xmin>
        <ymin>130.00</ymin>
        <xmax>62.00</xmax>
        <ymax>173.00</ymax>
      </box>
      <username></username>
    </segm>
    <attributes></attributes>
  </object>
  <object>
    <name>Land</name>
    <deleted>0</deleted>
    <verified>0</verified>
    <occluded>no</occluded>
    <date></date>
    <id>1</id>
    <parts>
      <hasparts></hasparts>
      <ispartof></ispartof>
    </parts>
    <segm>
      <mask>001226_mask_1.png</mask>
      <box>
        <xmin>1.00</xmin>
        <ymin>73.00</ymin>
        <xmax>181.00</xmax>
        <ymax>171.00</ymax>
      </box>
      <username></username>
    </segm>
    <attributes></attributes>
  </object>
  <object>
    <name>Land</name>
    <deleted>0</deleted>
    <verified>0</verified>
    <occluded>no</occluded>
    <date></date>
    <id>2</id>
    <parts>
      <hasparts></hasparts>
      <ispartof></ispartof>
    </parts>
    <segm>
      <mask>001226_mask_2.png</mask>
      <box>
        <xmin>188.00</xmin>
        <ymin>0.00</ymin>
        <xmax>255.00</xmax>
        <ymax>118.00</ymax>
      </box>
      <username></username>
    </segm>
    <attributes></attributes>
  </object>
</annotation>
