<annotation>
  <filename>001225.png</filename>
  <folder></folder>
  <source>
    <sourceImage></sourceImage>
    <sourceAnnotation>Datumaro</sourceAnnotation>
  </source>
  <imagesize>
    <nrows>256</nrows>
    <ncols>256</ncols>
  </imagesize>
  <object>
    <name>Land</name>
    <deleted>0</deleted>
    <verified>0</verified>
    <occluded>no</occluded>
    <date></date>
    <id>0</id>
    <parts>
      <hasparts></hasparts>
      <ispartof></ispartof>
    </parts>
    <segm>
      <mask>001225_mask_0.png</mask>
      <box>
        <xmin>0.00</xmin>
        <ymin>138.00</ymin>
        <xmax>19.00</xmax>
        <ymax>165.00</ymax>
      </box>
      <username></username>
    </segm>
    <attributes></attributes>
  </object>
  <object>
    <name>Land</name>
    <deleted>0</deleted>
    <verified>0</verified>
    <occluded>no</occluded>
    <date></date>
    <id>1</id>
    <parts>
      <hasparts></hasparts>
      <ispartof></ispartof>
    </parts>
    <segm>
      <mask>001225_mask_1.png</mask>
      <box>
        <xmin>158.00</xmin>
        <ymin>96.00</ymin>
        <xmax>178.00</xmax>
        <ymax>113.00</ymax>
      </box>
      <username></username>
    </segm>
    <attributes></attributes>
  </object>
  <object>
    <name>Land</name>
    <deleted>0</deleted>
    <verified>0</verified>
    <occluded>no</occluded>
    <date></date>
    <id>2</id>
    <parts>
      <hasparts></hasparts>
      <ispartof></ispartof>
    </parts>
    <segm>
      <mask>001225_mask_2.png</mask>
      <box>
        <xmin>180.00</xmin>
        <ymin>124.00</ymin>
        <xmax>253.00</xmax>
        <ymax>173.00</ymax>
      </box>
      <username></username>
    </segm>
    <attributes></attributes>
  </object>
  <object>
    <name>Land</name>
    <deleted>0</deleted>
    <verified>0</verified>
    <occluded>no</occluded>
    <date></date>
    <id>3</id>
    <parts>
      <hasparts></hasparts>
      <ispartof></ispartof>
    </parts>
    <segm>
      <mask>001225_mask_3.png</mask>
      <box>
        <xmin>251.00</xmin>
        <ymin>112.00</ymin>
        <xmax>255.00</xmax>
        <ymax>129.00</ymax>
      </box>
      <username></username>
    </segm>
    <attributes></attributes>
  </object>
  <object>
    <name>Land</name>
    <deleted>0</deleted>
    <verified>0</verified>
    <occluded>no</occluded>
    <date></date>
    <id>4</id>
    <parts>
      <hasparts></hasparts>
      <ispartof></ispartof>
    </parts>
    <segm>
      <mask>001225_mask_4.png</mask>
      <box>
        <xmin>135.00</xmin>
        <ymin>134.00</ymin>
        <xmax>147.00</xmax>
        <ymax>143.00</ymax>
      </box>
      <username></username>
    </segm>
    <attributes></attributes>
  </object>
</annotation>
